CHELLINGTON PARTNERS,BEDFORD,BEDFORDSHIRE,MK43,,,,01234 720406,01234 720406, MK43 7LH,
A G BURTON,BEDFORD,BEDFORDSHIRE,MK45,,,,01525 860358,01525 860358, MK45 4HT,
CENTRE FOR DAIRY RESEARCH,READING,BERKSHIRE,RG2,,,,0118 976 0964,0118 976 0964,g RG2 9HX,
THE UNIVERSITY OF READING,READING,BERKSHIRE,RG2,,,,0118 378 8811,0118 987 5123,Reading,
FOLLY FARM PARTNERS,READING,BERKSHIRE,RG7,,,,0118 930 2580,0118 930 2580,g RG7 4DR,
FARLEY FARMS,READING,BERKSHIRE,RG2,,,,0118 973 0047,0118 973 0047,g RG7 1UL,
A C WOODLEY & PARTNERS,SLOUGH,BERKSHIRE,SL1,,,,01628 666678,01628 666678,h SL1 7AD,
W F FISHER & SON,NEWBURY,BERKSHIRE,RG20,,,,01635 253055,01635 253055, RG20 9SJ,
R L HARES & SONS,ALVESTON,BRISTOL,BS35,,,,01454 413635,01454 413635, BS35 3SX,
R W & W J Harraway & Partners,,BRISTOL,BS35,,,,01454 415472,01454 415472, BS35 1NL,
M/S W & C LASBURY,COMPTON MARTIN,BRISTOL,BS40,,,,01761 221424,01761 221284, BS40 6JE,
"R G, M G YOUNG & PARTNER",MILTON KEYNES,BUCKINGHAMSHIRE,MK17,,,,01908 501755,01908 501755, MK17 0ER,
P C AND R W WHITE,MILTON KEYNES,BUCKINGHAMSHIRE,MK19,,,,01908 501870,01908 501870, MK19 6EN,
BEECHDEAN FARMS,HIGH WYCOMBE,BUCKINGHAMSHIRE,HP14,,,,01494 562245,01494 562245, HP14 4NL,
J & S WHITBY,SLOUGH,BUCKINGHAMSHIRE,SL3,,,,01753 521856,01753 521856,h SL3 6DR,
John Tamplin & Son,,Caerphilly,CF83,,,,01633 440201,01633 440201, CF83 8NR,
T/A: J O Williams,,Cambridgeshire,PE28,,,,01480 860441,01480 860441, PE28 0RT,
Fferm Plas Y Cerdin,,Carmarthanshire,SA33,,,,01267 253498,01267 253498, SA33 6DA,
C L & S G Jones,CARMARTHEN,CARMARTHENSHIRE,SA32,,,,01267 253252,01267 290900, SA32 7EN,
Trefynys Farm Ltd,CARMARTHEN,CARMARTHENSHIRE,SA32,,,,01267 237093,01267 237093, SA32 7HU,
Beili Glas Cyf,CARMARTHEN,CARMARTHENSHIRE,SA32,,,,01267 290359,01267 290359, SA32 7EW,
J OWEN & SONS,HOLYHEAD,ANGLESEY,LL65,,,,01407 740355,01407 740355, LL65 3DX,
PARRY BROS,HOLYHEAD,ANGLESEY,LL65,,,,01407 860090,01407 860090, LL65 2EJ,
D G PARRY,BEAUMARIS,ANGLESEY,LL58,,,,01248 810482,01248 810482, LL58 8TN,
Y CWT CAWS,,ANGLESEY,LL70,,,,01248 410372,01248 410372, LL70 9DX,
M R MEREDITH T/A HARTLEY FARM,BATH,BATH & N E SOMERSET,BA1,,,,01225 864948,01225 864948, BA15 2JB,
Park Farm Limited,BATH,BATH & NORTH EAST SOMERSET,BA1,,,,01225 436332,01225 436332,h BA1 9AG,
Sparkes Contracting Ltd,BRISTOL,BATH & NORTH EAST SOMERSET,BS40,,,,01275 332751,01275 332751, BS39 4DE,
R D R STEVENS & SONS,BRISTOL,BATH & NORTH EAST SOMERSET,BS39,,,,01275 332630,01275 332630, BS39 4DJ,
Penronw Farms,CARMARTHEN,CARMARTHENSHIRE,SA33,,,,01267 253638,01267 253638, SA33 6LD,
J C GAY & SON,WEST HARPTREE,BATH & NORTH EAST SOMERSET,BS40,,,,01761 221313,01761 221313, BS40 6HP,
A N Read & Sons,BRISTOL,BATH & NORTH EAST SOMERSET,BS40,,,,01761 462253,01761 462253, BS40 8YH,
W J Weeks & Son,BRISTOL,BATH & NORTH EAST SOMERSET,BS40,,,,0117 911 8899,01761 221819, BS40 6EL,
W J Phillips,CARMARTHEN,CARMARTHENSHIRE,SA31,,,,01267 237014,01267 237014, SA31 2LP,
CHELLINGTON PARTNERS,BEDFORD,BEDFORDSHIRE,MK43,,,,01234 720406,01234 720406, MK43 7LH,
W J Jones & Co,CARMARTHEN,CARMARTHENSHIRE,SA32,,,,01267 237403,01267 237403, SA32 8DU,
A G BURTON,BEDFORD,BEDFORDSHIRE,MK45,,,,01525 860358,01525 860358, MK45 4HT,
Iscoed Farms Ltd,CARMARTHEN,CARMARTHENSHIRE,SA17,,,,01267 267383,01267 267383, SA17 5TR,
CENTRE FOR DAIRY RESEARCH,READING,BERKSHIRE,RG2,,,,0118 976 0964,0118 976 0964,g RG2 9HX,
THE UNIVERSITY OF READING,READING,BERKSHIRE,RG2,,,,0118 378 8811,0118 987 5123,Reading,
FOLLY FARM PARTNERS,READING,BERKSHIRE,RG7,,,,0118 930 2580,0118 930 2580,g RG7 4DR,
FARLEY FARMS,READING,BERKSHIRE,RG2,,,,0118 973 0047,0118 973 0047,g RG7 1UL,
Hendy Farms Ltd,CARMARTHEN,CARMARTHENSHIRE,SA32,,,,01267 236879,01267 236879, SA32 8EL,
A C WOODLEY & PARTNERS,SLOUGH,BERKSHIRE,SL1,,,,01628 666678,01628 666678,h SL1 7AD,
W F FISHER & SON,NEWBURY,BERKSHIRE,RG20,,,,01635 253055,01635 253055, RG20 9SJ,
R L HARES & SONS,ALVESTON,BRISTOL,BS35,,,,01454 413635,01454 413635, BS35 3SX,
J A Thomas,CARMARTHEN,CARMARTHENSHIRE,SA32,,,,01267 253381,01267 253381, SA32 7JE,
R W & W J Harraway & Partners,,BRISTOL,BS35,,,,01454 415472,01454 415472, BS35 1NL,
D J Spratt,OLVESTON,BRISTOL,BS35,,,,01454 632484,01454 632484, BS35 4AT,
D W & E N & D G N Richards,LLANELLI,CARMARTHENSHIRE,SA15,,,,01269 870371,01269 870371, SA15 5AN,
Penlan Argoed Ltd,CARMARTHEN,CARMARTHENSHIRE,SA31,,,,01267 237705,01267 237705, SA31 1TR,
M/S W & C LASBURY,COMPTON MARTIN,BRISTOL,BS40,,,,01761 221424,01761 221284, BS40 6JE,
"R G, M G YOUNG & PARTNER",MILTON KEYNES,BUCKINGHAMSHIRE,MK17,,,,01908 501755,01908 501755, MK17 0ER,
Pentremeurig Farm Limited,CARMARTHEN,CARMARTHENSHIRE,SA31,,,,01267 236051,01267 236051, SA31 3ET,
Castell Gorwyn Farm Ltd,CARMARTHEN,CARMARTHENSHIRE,SA33,,,,01994 484528,01994 484528, SA33 5PR,
P C AND R W WHITE,MILTON KEYNES,BUCKINGHAMSHIRE,MK19,,,,01908 501870,01908 501870, MK19 6EN,
BEECHDEAN FARMS,HIGH WYCOMBE,BUCKINGHAMSHIRE,HP14,,,,01494 562245,01494 562245, HP14 4NL,
I R & M M Jenkins,CLYNDERWEN,CARMARTHENSHIRE,SA66,,,,01994 419222,01994 419222, SA66 7XG,
J & S WHITBY,SLOUGH,BUCKINGHAMSHIRE,SL3,,,,01753 521856,01753 521856,h SL3 6DR,
Tremellen Farms Ltd,CARMARTHEN,CARMARTHENSHIRE,SA33,,,,01994 453677,01994 453677, SA33 4PP,
John Tamplin & Son,,Caerphilly,CF83,,,,01633 440201,01633 440201, CF83 8NR,
Birdcombe Farm Ltd,CARMARTHEN,CARMARTHENSHIRE,SA34,,,,01994 448389,01994 448389, SA34 0EE,
T/A: J O Williams,,Cambridgeshire,PE28,,,,01480 860441,01480 860441, PE28 0RT,
Fferm Plas Y Cerdin,,Carmarthanshire,SA33,,,,01267 253498,01267 253498, SA33 6DA,
Drefach Farms Ltd,WHITLAND,CARMARTHENSHIRE,SA34,,,,01994 240362,01994 240362, SA34 0SP,
W L & A Windsor & Son,WHITLAND,CARMARTHENSHIRE,SA34,,,,01994 240066,01994 240066, SA34 0LS,
C L & S G Jones,CARMARTHEN,CARMARTHENSHIRE,SA32,,,,01267 253252,01267 290900, SA32 7EN,
Cilau Fawr Ltd,CLYNDERWEN,CARMARTHENSHIRE,SA66,,,,01994 419458,01994 419458, SA66 7UT,
Trefynys Farm Ltd,CARMARTHEN,CARMARTHENSHIRE,SA32,,,,01267 237093,01267 237093, SA32 7HU,
D T & E G EVANS,LLANDEILO,CARMARTHENSHIRE,SA19,,,,01558 822542,01558 822542, SA19 6RS,
Beili Glas Cyf,CARMARTHEN,CARMARTHENSHIRE,SA32,,,,01267 290359,01267 290359, SA32 7EW,
Dolau Ltd,LLANDEILO,CARMARTHENSHIRE,SA19,,,,01558 824182,01558 824182, SA19 7LE,
Fferm Y Graig,CARMARTHEN,CARMARTHENSHIRE,SA32,,,,01267 290232,01267 290232, SA32 7PF,
J M & C M L Williams,CARMARTHEN,CARMARTHENSHIRE,SA32,,,,01558 668223,01558 668223, SA32 8RL,
I Jones & Son,LLANDEILO,CARMARTHENSHIRE,SA19,,,,01558 822542,01558 822542, SA19 6RS,
A & L M Williams,LLANGADOG,CARMARTHENSHIRE,SA19,,,,01550 777696,01550 777696, SA19 9DD,
J D Thomas & Co,LLANWRDA,CARMARTHENSHIRE,SA19,,,,01550 777220,01550 777220, SA19 8HS,
W J Phillips,CARMARTHEN,CARMARTHENSHIRE,SA31,,,,01267 237014,01267 237014, SA31 2LP,
D H THOMAS,LLANDEILO,CARMARTHENSHIRE,SA19,,,,01558 685434,01558 685434, SA19 7AZ,
W J Jones & Co,CARMARTHEN,CARMARTHENSHIRE,SA32,,,,01267 237403,01267 237403, SA32 8DU,
Iscoed Farms Ltd,CARMARTHEN,CARMARTHENSHIRE,SA17,,,,01267 267383,01267 267383, SA17 5TR,
Thomas Partners,LLANELLI,CARMARTHENSHIRE,SA14,,,,01554 820247,01554 820247, SA14 8YY,
I L & E Harries,LLANELLI,CARMARTHENSHIRE,SA14,,,,01269 844664,01269 844664, SA14 6PL,
Hendy Farms Ltd,CARMARTHEN,CARMARTHENSHIRE,SA32,,,,01267 236879,01267 236879, SA32 8EL,
J A Thomas,CARMARTHEN,CARMARTHENSHIRE,SA32,,,,01267 253381,01267 253381, SA32 7JE,
D W & E N & D G N Richards,LLANELLI,CARMARTHENSHIRE,SA15,,,,01269 870371,01269 870371, SA15 5AN,
Watkins Partnership,WHITLAND,CARMARTHENSHIRE,SA34,,,,01994 484336,01994 484336, SA34 0DT,
Trafel-Yr-Ych Limited,CARMARTHEN,CARMARTHENSHIRE,SA33,,,,01994 230909,01994 230909, SA33 5QU,
Penlan Argoed Ltd,CARMARTHEN,CARMARTHENSHIRE,SA31,,,,01267 237705,01267 237705, SA31 1TR,
Pentremeurig Farm Limited,CARMARTHEN,CARMARTHENSHIRE,SA31,,,,01267 236051,01267 236051, SA31 3ET,
Castell Gorwyn Farm Ltd,CARMARTHEN,CARMARTHENSHIRE,SA33,,,,01994 484528,01994 484528, SA33 5PR,
A E Williams,LLANELLI,CARMARTHENSHIRE,SA14,,,,01269 842345,01269 842345, SA14 6SU,
C J Lewis,LLANDOVERY,CARMARTHENSHIRE,SA20,,,,01550 720247,01550 720247, SA20 0DJ,
I R & M M Jenkins,CLYNDERWEN,CARMARTHENSHIRE,SA66,,,,01994 419222,01994 419222, SA66 7XG,
Tremellen Farms Ltd,CARMARTHEN,CARMARTHENSHIRE,SA33,,,,01994 453677,01994 453677, SA33 4PP,
D J & MRS M Y EVANS,LLANYBYDDER,CARMARTHENSHIRE,SA40,,,,01570 480444,01570 480444, SA40 9UE,
M/s E W Hartt & Sons,CLYNDERWEN,CARMARTHENSHIRE,SA66,,,,01437 563338,01437 563338, SA66 7HB,
Birdcombe Farm Ltd,CARMARTHEN,CARMARTHENSHIRE,SA34,,,,01994 448389,01994 448389, SA34 0EE,
D A & C L Owens,CARMARTHEN,CARMARTHENSHIRE,SA33,,,,01994 230508,01994 230508, SA33 4LJ,
Drefach Farms Ltd,WHITLAND,CARMARTHENSHIRE,SA34,,,,01994 240362,01994 240362, SA34 0SP,
Cothi Valley Goats,LLANDEILO,CARMARTHENSHIRE,SA19,,,,01558 685555,01558 685555, SA19 7BQ,
W L & A Windsor & Son,WHITLAND,CARMARTHENSHIRE,SA34,,,,01994 240066,01994 240066, SA34 0LS,
Cilau Fawr Ltd,CLYNDERWEN,CARMARTHENSHIRE,SA66,,,,01994 419458,01994 419458, SA66 7UT,
D J H & A E Thomas,LLANELLI,Carmarthenshire,SA15,,,,01554 772043,01554 772043, SA15 3JF,
D T & E G EVANS,LLANDEILO,CARMARTHENSHIRE,SA19,,,,01558 822542,01558 822542, SA19 6RS,
Dolau Ltd,LLANDEILO,CARMARTHENSHIRE,SA19,,,,01558 824182,01558 824182, SA19 7LE,
PENGWERN FARMS LTD,NEWCASTLE EMLYN,CEREDIGION,SA38,,,,01239 710232,01239 710232, SA38 9LD,
Fferm Y Graig,CARMARTHEN,CARMARTHENSHIRE,SA32,,,,01267 290232,01267 290232, SA32 7PF,
DP & EJ ROBINSON,LLANDYSUL,CEREDIGION,SA44,,,,01559 370341,01559 370341, SA44 5DW,
J M & C M L Williams,CARMARTHEN,CARMARTHENSHIRE,SA32,,,,01558 668223,01558 668223, SA32 8RL,
Mr A L Evans & Son,LLANDYSUL,CEREDIGION,SA44,,,,01559 363899,01559 363899, SA44 4RD,
I Jones & Son,LLANDEILO,CARMARTHENSHIRE,SA19,,,,01558 822542,01558 822542, SA19 6RS,
E R & M G Evans,LAMPETER,CEREDIGION,SA48,,,,01570 470286,01570 470286, SA48 8RG,
A & L M Williams,LLANGADOG,CARMARTHENSHIRE,SA19,,,,01550 777696,01550 777696, SA19 9DD,
J D Thomas & Co,LLANWRDA,CARMARTHENSHIRE,SA19,,,,01550 777220,01550 777220, SA19 8HS,
W T E & G A MORGANS,LAMPETER,CEREDIGION,SA48,,,,01570 423623,01570 423623, SA48 7DT,
D H THOMAS,LLANDEILO,CARMARTHENSHIRE,SA19,,,,01558 685434,01558 685434, SA19 7AZ,
H P JONES & SON LTD,LLANDYSUL,CEREDIGION,SA44,,,,01545 580320,01545 580320, SA44 6JN,
I L & E Harries,LLANELLI,CARMARTHENSHIRE,SA14,,,,01269 844664,01269 844664, SA14 6PL,
T N & B L WILLIAMS,CARDIGAN,CEREDIGION,SA43,,,,01239 613164,01239 613164, SA43 3AD,
M & C REES,LLANDYSUL,CEREDIGION,SA44,,01239 654381,,,01239 654381, SA44 6EB,
Watkins Partnership,WHITLAND,CARMARTHENSHIRE,SA34,,,,01994 484336,01994 484336, SA34 0DT,
Mr & Mrs T Evans & T R Evans,NEWCASTLE EMLYN,CEREDIGION,SA38,,01239 710228,,,01239 710228, SA38 9AJ,
Trafel-Yr-Ych Limited,CARMARTHEN,CARMARTHENSHIRE,SA33,,,,01994 230909,01994 230909, SA33 5QU,
Evans Bros,LLANRHYSTYD,CEREDIGION,SY23,,01974 272260,,,01974 272260, SY23 5BD,
A E Williams,LLANELLI,CARMARTHENSHIRE,SA14,,,,01269 842345,01269 842345, SA14 6SU,
C J Lewis,LLANDOVERY,CARMARTHENSHIRE,SA20,,,,01550 720247,01550 720247, SA20 0DJ,
R T Woolley & Son,ABERYSTWYTH,CEREDIGION,SY23,,01970 617627,,,01970 617627, SY23 4DL,
D J & MRS M Y EVANS,LLANYBYDDER,CARMARTHENSHIRE,SA40,,,,01570 480444,01570 480444, SA40 9UE,
M/s E W Hartt & Sons,CLYNDERWEN,CARMARTHENSHIRE,SA66,,,,01437 563338,01437 563338, SA66 7HB,
Rees & Jones,LAMPETER,CEREDIGION,SA48,,01570 422593,,,01570 422593, SA48 8HU,
D A & C L Owens,CARMARTHEN,CARMARTHENSHIRE,SA33,,,,01994 230508,01994 230508, SA33 4LJ,
B Williams & Co.,LAMPETER,CEREDIGION,SA48,,01570 422800,,,01570 422800, SA48 8HU,
Evans & Mills,LAMPETER,CEREDIGION,SA48,,01570 422569,,,01570 422569, SA48 7JR,
Cothi Valley Goats,LLANDEILO,CARMARTHENSHIRE,SA19,,,,01558 685555,01558 685555, SA19 7BQ,
D J & G Davies,LAMPETER,CEREDIGION,SA48,,01570 423583,,,01570 423583, SA48 8AP,
D J H & A E Thomas,LLANELLI,Carmarthenshire,SA15,,,,01554 772043,01554 772043, SA15 3JF,
J S & M Davies,LAMPETER,CEREDIGION,SA48,,01570 422297,,,01570 423623, SA48 7DT,
D B M DAVIES,LAMPETER,CEREDIGION,SA48,,01570 470221,,,01570 470221, SA48 8RA,
PENGWERN FARMS LTD,NEWCASTLE EMLYN,CEREDIGION,SA38,,,,01239 710232,01239 710232, SA38 9LD,
M M & A Green,TREGARON,CEREDIGION,SY25,,01974 298356,,,01974 298356, SY25 6UN,
A H & F M WILSON,CARDIGAN,CEREDIGION,SA43,,01239 612607,,,01239 612607, SA43 1PH,
DP & EJ ROBINSON,LLANDYSUL,CEREDIGION,SA44,,,,01559 370341,01559 370341, SA44 5DW,
CHETWYND FARMS LTD,NR LAMPETER,CEREDIGION,SA48,,01545 580408,,,01545 580532, SA48 7RP,
Mr A L Evans & Son,LLANDYSUL,CEREDIGION,SA44,,,,01559 363899,01559 363899, SA44 4RD,
E R & M G Evans,LAMPETER,CEREDIGION,SA48,,,,01570 470286,01570 470286, SA48 8RG,
T & A Hack,LLANDYSUL,CEREDIGION,SA44,,01239 851309,,,01239 851309, SA44 5SP,
R & J JONES,CHESTER,CHESHIRE,CH3,,01829 782240,,,01829 782240,r CH3 9EH,
W T E & G A MORGANS,LAMPETER,CEREDIGION,SA48,,,,01570 423623,01570 423623, SA48 7DT,
P J WILLIAMS & PARTNERS,MIDDLEWICH,CHESHIRE,CW10,,01606 833230,,,01606 833230, CW10 0LD,
S J MITCHELL & CO,NANTWICH,CHESHIRE,CW5,,01270 841273,,,01270 841273,h CW5 7PG,
H P JONES & SON LTD,LLANDYSUL,CEREDIGION,SA44,,,,01545 580320,01545 580320, SA44 6JN,
J & B BERRISFORD & SON,NANTWICH,CHESHIRE,CW5,,01270 842067,,,01270 842067,h CW5 7NT,
WINCHAM HOLSTEINS LIMITED,NORTHWICH,CHESHIRE,CW9,,01565 733677,,,01565 733677,h CW9 6DQ,
T N & B L WILLIAMS,CARDIGAN,CEREDIGION,SA43,,,,01239 613164,01239 613164, SA43 3AD,
J L KENNERLEY & SON,MACCLESFIELD,CHESHIRE,SK11,,01477 571228,,,01477 571228, SK11 9ED,
J B S EARDLEY & SONS,MACCLESFIELD,CHESHIRE,SK10,,01625 829563,,,01625 610364, SK10 3DR,
Mr & Mrs T Evans & T R Evans,NEWCASTLE EMLYN,CEREDIGION,SA38,,01239 710228,,,01239 710228, SA38 9AJ,
Evans Bros,LLANRHYSTYD,CEREDIGION,SY23,,01974 272260,,,01974 272260, SY23 5BD,
J R WARD & SONS,WINSFORD,CHESHIRE,CW7,,01606 592216,,,01606 592216,d CW7 4DB,
C & S FITTON & SON,NORTHWICH,CHESHIRE,CW9,,01606 46257,,,01606 46257, CW10 9LB,
R T Woolley & Son,ABERYSTWYTH,CEREDIGION,SY23,,01970 617627,,,01970 617627, SY23 4DL,
B E WORTH,NORTHWICH,CHESHIRE,CW9,,01606 46235,,,01606 46235,h CW9 7SD,
D A PLATT & PARTNERS,NORTHWICH,CHESHIRE,CW9,,01606 43266,,,01606 43266,h CW9 6DH,
Rees & Jones,LAMPETER,CEREDIGION,SA48,,01570 422593,,,01570 422593, SA48 8HU,
B Williams & Co.,LAMPETER,CEREDIGION,SA48,,01570 422800,,,01570 422800, SA48 8HU,
S J FARRALL & S J STOKES,CONGLETON,CHESHIRE,CW12,,01260 273964,,,01260 273964, CW12 2NN,
Evans & Mills,LAMPETER,CEREDIGION,SA48,,01570 422569,,,01570 422569, SA48 7JR,
G W & M A PLATT & SON,MACCLESFIELD,CHESHIRE,SK11,,01260 223217,,,01260 223217, SK11 9JB,
D J & G Davies,LAMPETER,CEREDIGION,SA48,,01570 423583,,,01570 423583, SA48 8AP,
E DAVIES & PARTNERS,MACCLESFIELD,CHESHIRE,SK11,,01260 223314,,,01260 223314, SK11 0JH,
WHEELTON FARMS LTD,MACCLESFIELD,CHESHIRE,SK11,,01260 224355,,,01260 224355, SK11 9EX,
D B M DAVIES,LAMPETER,CEREDIGION,SA48,,01570 470221,,,01570 470221, SA48 8RA,
D R WRENCH,MACCLESFIELD,CHESHIRE,SK10,,01625 610364,,,01625 610364, SK10 3DR,
R & M BROCKLEHURST & SON,MACCLESFIELD,CHESHIRE,SK11,,01477 571242,,,01477 571242, SK11 9EF,
D R K AGRICULTURE,MACCLESFIELD,CHESHIRE,SK11,,01477 571327,,,01477 571327, SK11 9DG,
M M & A Green,TREGARON,CEREDIGION,SY25,,01974 298356,,,01974 298356, SY25 6UN,
A H & F M WILSON,CARDIGAN,CEREDIGION,SA43,,01239 612607,,,01239 612607, SA43 1PH,
PEARSON & SON,MACCLESFIELD,CHESHIRE,SK11,,01625 422084,,,01625 422084, SK11 0AF,
CHETWYND FARMS LTD,NR LAMPETER,CEREDIGION,SA48,,01545 580408,,,01545 580532, SA48 7RP,
Deans Farms Ltd,NR MACCLESFIELD,CHESHIRE,SK11,,01260 227233,,,01260 227233, SK11 0BJ,
CLAYDEN HOLSTEINS,CREWE,CHESHIRE,CW1,,01270 585623,,,01270 585623,e CW1 5SH,
T & A Hack,LLANDYSUL,CEREDIGION,SA44,,01239 851309,,,01239 851309, SA44 5SP,
R & J JONES,CHESTER,CHESHIRE,CH3,,01829 782240,,,01829 782240,r CH3 9EH,
P J WILLIAMS & PARTNERS,MIDDLEWICH,CHESHIRE,CW10,,01606 833230,,,01606 833230, CW10 0LD,
S J MITCHELL & CO,NANTWICH,CHESHIRE,CW5,,01270 841273,,,01270 841273,h CW5 7PG,
J OWEN & SONS,HOLYHEAD,ANGLESEY,LL65,,,,01407 740355,01407 740355, LL65 3DX,
J & B BERRISFORD & SON,NANTWICH,CHESHIRE,CW5,,01270 842067,,,01270 842067,h CW5 7NT,
PARRY BROS,HOLYHEAD,ANGLESEY,LL65,,,,01407 860090,01407 860090, LL65 2EJ,
WINCHAM HOLSTEINS LIMITED,NORTHWICH,CHESHIRE,CW9,,01565 733677,,,01565 733677,h CW9 6DQ,
D G PARRY,BEAUMARIS,ANGLESEY,LL58,,,,01248 810482,01248 810482, LL58 8TN,
Y CWT CAWS,,ANGLESEY,LL70,,,,01248 410372,01248 410372, LL70 9DX,
J L KENNERLEY & SON,MACCLESFIELD,CHESHIRE,SK11,,01477 571228,,,01477 571228, SK11 9ED,
M R MEREDITH T/A HARTLEY FARM,BATH,BATH & N E SOMERSET,BA1,,,,01225 864948,01225 864948, BA15 2JB,
J B S EARDLEY & SONS,MACCLESFIELD,CHESHIRE,SK10,,01625 829563,,,01625 610364, SK10 3DR,
Park Farm Limited,BATH,BATH & NORTH EAST SOMERSET,BA1,,,,01225 436332,01225 436332,h BA1 9AG,
Sparkes Contracting Ltd,BRISTOL,BATH & NORTH EAST SOMERSET,BS40,,,,01275 332751,01275 332751, BS39 4DE,
R D R STEVENS & SONS,BRISTOL,BATH & NORTH EAST SOMERSET,BS39,,,,01275 332630,01275 332630, BS39 4DJ,
J C GAY & SON,WEST HARPTREE,BATH & NORTH EAST SOMERSET,BS40,,,,01761 221313,01761 221313, BS40 6HP,
J R WARD & SONS,WINSFORD,CHESHIRE,CW7,,01606 592216,,,01606 592216,d CW7 4DB,
A N Read & Sons,BRISTOL,BATH & NORTH EAST SOMERSET,BS40,,,,01761 462253,01761 462253, BS40 8YH,
C & S FITTON & SON,NORTHWICH,CHESHIRE,CW9,,01606 46257,,,01606 46257, CW10 9LB,
W J Weeks & Son,BRISTOL,BATH & NORTH EAST SOMERSET,BS40,,,,0117 911 8899,01761 221819, BS40 6EL,
B E WORTH,NORTHWICH,CHESHIRE,CW9,,01606 46235,,,01606 46235,h CW9 7SD,
D A PLATT & PARTNERS,NORTHWICH,CHESHIRE,CW9,,01606 43266,,,01606 43266,h CW9 6DH,
CHELLINGTON PARTNERS,BEDFORD,BEDFORDSHIRE,MK43,,,,01234 720406,01234 720406, MK43 7LH,
MESSRS F E WHITTAKER & SONS,MACCLESFIELD,CHESHIRE,SK11,,01625 424637,,,01625 424637, SK11 7JD,
A G BURTON,BEDFORD,BEDFORDSHIRE,MK45,,,,01525 860358,01525 860358, MK45 4HT,
S J FARRALL & S J STOKES,CONGLETON,CHESHIRE,CW12,,01260 273964,,,01260 273964, CW12 2NN,
G W & M A PLATT & SON,MACCLESFIELD,CHESHIRE,SK11,,01260 223217,,,01260 223217, SK11 9JB,
CENTRE FOR DAIRY RESEARCH,READING,BERKSHIRE,RG2,,,,0118 976 0964,0118 976 0964,g RG2 9HX,
THE UNIVERSITY OF READING,READING,BERKSHIRE,RG2,,,,0118 378 8811,0118 987 5123,Reading,
FOLLY FARM PARTNERS,READING,BERKSHIRE,RG7,,,,0118 930 2580,0118 930 2580,g RG7 4DR,
E DAVIES & PARTNERS,MACCLESFIELD,CHESHIRE,SK11,,01260 223314,,,01260 223314, SK11 0JH,
FARLEY FARMS,READING,BERKSHIRE,RG2,,,,0118 973 0047,0118 973 0047,g RG7 1UL,
WHEELTON FARMS LTD,MACCLESFIELD,CHESHIRE,SK11,,01260 224355,,,01260 224355, SK11 9EX,
A C WOODLEY & PARTNERS,SLOUGH,BERKSHIRE,SL1,,,,01628 666678,01628 666678,h SL1 7AD,
W F FISHER & SON,NEWBURY,BERKSHIRE,RG20,,,,01635 253055,01635 253055, RG20 9SJ,
R & M BROCKLEHURST & SON,MACCLESFIELD,CHESHIRE,SK11,,01477 571242,,,01477 571242, SK11 9EF,
R L HARES & SONS,ALVESTON,BRISTOL,BS35,,,,01454 413635,01454 413635, BS35 3SX,
D R K AGRICULTURE,MACCLESFIELD,CHESHIRE,SK11,,01477 571327,,,01477 571327, SK11 9DG,
R W & W J Harraway & Partners,,BRISTOL,BS35,,,,01454 415472,01454 415472, BS35 1NL,
PEARSON & SON,MACCLESFIELD,CHESHIRE,SK11,,01625 422084,,,01625 422084, SK11 0AF,
"R G, M G YOUNG & PARTNER",MILTON KEYNES,BUCKINGHAMSHIRE,MK17,,,,01908 501755,01908 501755, MK17 0ER,
CLAYDEN HOLSTEINS,CREWE,CHESHIRE,CW1,,01270 585623,,,01270 585623,e CW1 5SH,
P C AND R W WHITE,MILTON KEYNES,BUCKINGHAMSHIRE,MK19,,,,01908 501870,01908 501870, MK19 6EN,
BEECHDEAN FARMS,HIGH WYCOMBE,BUCKINGHAMSHIRE,HP14,,,,01494 562245,01494 562245, HP14 4NL,
J & S WHITBY,SLOUGH,BUCKINGHAMSHIRE,SL3,,,,01753 521856,01753 521856,h SL3 6DR,
J OWEN & SONS,HOLYHEAD,ANGLESEY,LL65,,,,01407 740355,01407 740355, LL65 3DX,
John Tamplin & Son,,Caerphilly,CF83,,,,01633 440201,01633 440201, CF83 8NR,
PARRY BROS,HOLYHEAD,ANGLESEY,LL65,,,,01407 860090,01407 860090, LL65 2EJ,
D G PARRY,BEAUMARIS,ANGLESEY,LL58,,,,01248 810482,01248 810482, LL58 8TN,
T/A: J O Williams,,Cambridgeshire,PE28,,,,01480 860441,01480 860441, PE28 0RT,
Y CWT CAWS,,ANGLESEY,LL70,,,,01248 410372,01248 410372, LL70 9DX,
Fferm Plas Y Cerdin,,Carmarthanshire,SA33,,,,01267 253498,01267 253498, SA33 6DA,
M R MEREDITH T/A HARTLEY FARM,BATH,BATH & N E SOMERSET,BA1,,,,01225 864948,01225 864948, BA15 2JB,
Park Farm Limited,BATH,BATH & NORTH EAST SOMERSET,BA1,,,,01225 436332,01225 436332,h BA1 9AG,
Sparkes Contracting Ltd,BRISTOL,BATH & NORTH EAST SOMERSET,BS40,,,,01275 332751,01275 332751, BS39 4DE,
R D R STEVENS & SONS,BRISTOL,BATH & NORTH EAST SOMERSET,BS39,,,,01275 332630,01275 332630, BS39 4DJ,
C L & S G Jones,CARMARTHEN,CARMARTHENSHIRE,SA32,,,,01267 253252,01267 290900, SA32 7EN,
J C GAY & SON,WEST HARPTREE,BATH & NORTH EAST SOMERSET,BS40,,,,01761 221313,01761 221313, BS40 6HP,
Trefynys Farm Ltd,CARMARTHEN,CARMARTHENSHIRE,SA32,,,,01267 237093,01267 237093, SA32 7HU,
A N Read & Sons,BRISTOL,BATH & NORTH EAST SOMERSET,BS40,,,,01761 462253,01761 462253, BS40 8YH,
Beili Glas Cyf,CARMARTHEN,CARMARTHENSHIRE,SA32,,,,01267 290359,01267 290359, SA32 7EW,
W J Weeks & Son,BRISTOL,BATH & NORTH EAST SOMERSET,BS40,,,,0117 911 8899,01761 221819, BS40 6EL,
CHELLINGTON PARTNERS,BEDFORD,BEDFORDSHIRE,MK43,,,,01234 720406,01234 720406, MK43 7LH,
A G BURTON,BEDFORD,BEDFORDSHIRE,MK45,,,,01525 860358,01525 860358, MK45 4HT,
CENTRE FOR DAIRY RESEARCH,READING,BERKSHIRE,RG2,,,,0118 976 0964,0118 976 0964,g RG2 9HX,
THE UNIVERSITY OF READING,READING,BERKSHIRE,RG2,,,,0118 378 8811,0118 987 5123,Reading,
Penronw Farms,CARMARTHEN,CARMARTHENSHIRE,SA33,,,,01267 253638,01267 253638, SA33 6LD,
FOLLY FARM PARTNERS,READING,BERKSHIRE,RG7,,,,0118 930 2580,0118 930 2580,g RG7 4DR,
FARLEY FARMS,READING,BERKSHIRE,RG2,,,,0118 973 0047,0118 973 0047,g RG7 1UL,
A C WOODLEY & PARTNERS,SLOUGH,BERKSHIRE,SL1,,,,01628 666678,01628 666678,h SL1 7AD,
W F FISHER & SON,NEWBURY,BERKSHIRE,RG20,,,,01635 253055,01635 253055, RG20 9SJ,
W J Phillips,CARMARTHEN,CARMARTHENSHIRE,SA31,,,,01267 237014,01267 237014, SA31 2LP,
R L HARES & SONS,ALVESTON,BRISTOL,BS35,,,,01454 413635,01454 413635, BS35 3SX,
R W & W J Harraway & Partners,,BRISTOL,BS35,,,,01454 415472,01454 415472, BS35 1NL,
Iscoed Farms Ltd,CARMARTHEN,CARMARTHENSHIRE,SA17,,,,01267 267383,01267 267383, SA17 5TR,
M/S W & C LASBURY,COMPTON MARTIN,BRISTOL,BS40,,,,01761 221424,01761 221284, BS40 6JE,
Hendy Farms Ltd,CARMARTHEN,CARMARTHENSHIRE,SA32,,,,01267 236879,01267 236879, SA32 8EL,
"R G, M G YOUNG & PARTNER",MILTON KEYNES,BUCKINGHAMSHIRE,MK17,,,,01908 501755,01908 501755, MK17 0ER,
J A Thomas,CARMARTHEN,CARMARTHENSHIRE,SA32,,,,01267 253381,01267 253381, SA32 7JE,
P C AND R W WHITE,MILTON KEYNES,BUCKINGHAMSHIRE,MK19,,,,01908 501870,01908 501870, MK19 6EN,
D W & E N & D G N Richards,LLANELLI,CARMARTHENSHIRE,SA15,,,,01269 870371,01269 870371, SA15 5AN,
BEECHDEAN FARMS,HIGH WYCOMBE,BUCKINGHAMSHIRE,HP14,,,,01494 562245,01494 562245, HP14 4NL,
J & S WHITBY,SLOUGH,BUCKINGHAMSHIRE,SL3,,,,01753 521856,01753 521856,h SL3 6DR,
Penlan Argoed Ltd,CARMARTHEN,CARMARTHENSHIRE,SA31,,,,01267 237705,01267 237705, SA31 1TR,
John Tamplin & Son,,Caerphilly,CF83,,,,01633 440201,01633 440201, CF83 8NR,
Pentremeurig Farm Limited,CARMARTHEN,CARMARTHENSHIRE,SA31,,,,01267 236051,01267 236051, SA31 3ET,
Castell Gorwyn Farm Ltd,CARMARTHEN,CARMARTHENSHIRE,SA33,,,,01994 484528,01994 484528, SA33 5PR,
Fferm Plas Y Cerdin,,Carmarthanshire,SA33,,,,01267 253498,01267 253498, SA33 6DA,
I R & M M Jenkins,CLYNDERWEN,CARMARTHENSHIRE,SA66,,,,01994 419222,01994 419222, SA66 7XG,
Tremellen Farms Ltd,CARMARTHEN,CARMARTHENSHIRE,SA33,,,,01994 453677,01994 453677, SA33 4PP,
C L & S G Jones,CARMARTHEN,CARMARTHENSHIRE,SA32,,,,01267 253252,01267 290900, SA32 7EN,
Birdcombe Farm Ltd,CARMARTHEN,CARMARTHENSHIRE,SA34,,,,01994 448389,01994 448389, SA34 0EE,
Trefynys Farm Ltd,CARMARTHEN,CARMARTHENSHIRE,SA32,,,,01267 237093,01267 237093, SA32 7HU,
Beili Glas Cyf,CARMARTHEN,CARMARTHENSHIRE,SA32,,,,01267 290359,01267 290359, SA32 7EW,
Drefach Farms Ltd,WHITLAND,CARMARTHENSHIRE,SA34,,,,01994 240362,01994 240362, SA34 0SP,
W L & A Windsor & Son,WHITLAND,CARMARTHENSHIRE,SA34,,,,01994 240066,01994 240066, SA34 0LS,
Cilau Fawr Ltd,CLYNDERWEN,CARMARTHENSHIRE,SA66,,,,01994 419458,01994 419458, SA66 7UT,
D T & E G EVANS,LLANDEILO,CARMARTHENSHIRE,SA19,,,,01558 822542,01558 822542, SA19 6RS,
Dolau Ltd,LLANDEILO,CARMARTHENSHIRE,SA19,,,,01558 824182,01558 824182, SA19 7LE,
Fferm Y Graig,CARMARTHEN,CARMARTHENSHIRE,SA32,,,,01267 290232,01267 290232, SA32 7PF,
Penronw Farms,CARMARTHEN,CARMARTHENSHIRE,SA33,,,,01267 253638,01267 253638, SA33 6LD,
J M & C M L Williams,CARMARTHEN,CARMARTHENSHIRE,SA32,,,,01558 668223,01558 668223, SA32 8RL,
W J Phillips,CARMARTHEN,CARMARTHENSHIRE,SA31,,,,01267 237014,01267 237014, SA31 2LP,
W J Jones & Co,CARMARTHEN,CARMARTHENSHIRE,SA32,,,,01267 237403,01267 237403, SA32 8DU,
A & L M Williams,LLANGADOG,CARMARTHENSHIRE,SA19,,,,01550 777696,01550 777696, SA19 9DD,
Iscoed Farms Ltd,CARMARTHEN,CARMARTHENSHIRE,SA17,,,,01267 267383,01267 267383, SA17 5TR,
J D Thomas & Co,LLANWRDA,CARMARTHENSHIRE,SA19,,,,01550 777220,01550 777220, SA19 8HS,
D H THOMAS,LLANDEILO,CARMARTHENSHIRE,SA19,,,,01558 685434,01558 685434, SA19 7AZ,
Hendy Farms Ltd,CARMARTHEN,CARMARTHENSHIRE,SA32,,,,01267 236879,01267 236879, SA32 8EL,
J A Thomas,CARMARTHEN,CARMARTHENSHIRE,SA32,,,,01267 253381,01267 253381, SA32 7JE,
I L & E Harries,LLANELLI,CARMARTHENSHIRE,SA14,,,,01269 844664,01269 844664, SA14 6PL,
D W & E N & D G N Richards,LLANELLI,CARMARTHENSHIRE,SA15,,,,01269 870371,01269 870371, SA15 5AN,
Penlan Argoed Ltd,CARMARTHEN,CARMARTHENSHIRE,SA31,,,,01267 237705,01267 237705, SA31 1TR,
Pentremeurig Farm Limited,CARMARTHEN,CARMARTHENSHIRE,SA31,,,,01267 236051,01267 236051, SA31 3ET,
Castell Gorwyn Farm Ltd,CARMARTHEN,CARMARTHENSHIRE,SA33,,,,01994 484528,01994 484528, SA33 5PR,
Watkins Partnership,WHITLAND,CARMARTHENSHIRE,SA34,,,,01994 484336,01994 484336, SA34 0DT,
Trafel-Yr-Ych Limited,CARMARTHEN,CARMARTHENSHIRE,SA33,,,,01994 230909,01994 230909, SA33 5QU,
I R & M M Jenkins,CLYNDERWEN,CARMARTHENSHIRE,SA66,,,,01994 419222,01994 419222, SA66 7XG,
Tremellen Farms Ltd,CARMARTHEN,CARMARTHENSHIRE,SA33,,,,01994 453677,01994 453677, SA33 4PP,
C J Lewis,LLANDOVERY,CARMARTHENSHIRE,SA20,,,,01550 720247,01550 720247, SA20 0DJ,
Birdcombe Farm Ltd,CARMARTHEN,CARMARTHENSHIRE,SA34,,,,01994 448389,01994 448389, SA34 0EE,
D J & MRS M Y EVANS,LLANYBYDDER,CARMARTHENSHIRE,SA40,,,,01570 480444,01570 480444, SA40 9UE,
Drefach Farms Ltd,WHITLAND,CARMARTHENSHIRE,SA34,,,,01994 240362,01994 240362, SA34 0SP,
M/s E W Hartt & Sons,CLYNDERWEN,CARMARTHENSHIRE,SA66,,,,01437 563338,01437 563338, SA66 7HB,
W L & A Windsor & Son,WHITLAND,CARMARTHENSHIRE,SA34,,,,01994 240066,01994 240066, SA34 0LS,
D A & C L Owens,CARMARTHEN,CARMARTHENSHIRE,SA33,,,,01994 230508,01994 230508, SA33 4LJ,
Cilau Fawr Ltd,CLYNDERWEN,CARMARTHENSHIRE,SA66,,,,01994 419458,01994 419458, SA66 7UT,
Cothi Valley Goats,LLANDEILO,CARMARTHENSHIRE,SA19,,,,01558 685555,01558 685555, SA19 7BQ,
D T & E G EVANS,LLANDEILO,CARMARTHENSHIRE,SA19,,,,01558 822542,01558 822542, SA19 6RS,
Dolau Ltd,LLANDEILO,CARMARTHENSHIRE,SA19,,,,01558 824182,01558 824182, SA19 7LE,
D J H & A E Thomas,LLANELLI,Carmarthenshire,SA15,,,,01554 772043,01554 772043, SA15 3JF,
Fferm Y Graig,CARMARTHEN,CARMARTHENSHIRE,SA32,,,,01267 290232,01267 290232, SA32 7PF,
PENGWERN FARMS LTD,NEWCASTLE EMLYN,CEREDIGION,SA38,,,,01239 710232,01239 710232, SA38 9LD,
DP & EJ ROBINSON,LLANDYSUL,CEREDIGION,SA44,,,,01559 370341,01559 370341, SA44 5DW,
J M & C M L Williams,CARMARTHEN,CARMARTHENSHIRE,SA32,,,,01558 668223,01558 668223, SA32 8RL,
I Jones & Son,LLANDEILO,CARMARTHENSHIRE,SA19,,,,01558 822542,01558 822542, SA19 6RS,
A & L M Williams,LLANGADOG,CARMARTHENSHIRE,SA19,,,,01550 777696,01550 777696, SA19 9DD,
Mr A L Evans & Son,LLANDYSUL,CEREDIGION,SA44,,,,01559 363899,01559 363899, SA44 4RD,
J D Thomas & Co,LLANWRDA,CARMARTHENSHIRE,SA19,,,,01550 777220,01550 777220, SA19 8HS,
E R & M G Evans,LAMPETER,CEREDIGION,SA48,,,,01570 470286,01570 470286, SA48 8RG,
D H THOMAS,LLANDEILO,CARMARTHENSHIRE,SA19,,,,01558 685434,01558 685434, SA19 7AZ,
R T & M I Fear & Sons,LAMPETER,CEREDIGION,SA48,,,,01545 570251,01545 570251, SA48 8DH,
Thomas Partners,LLANELLI,CARMARTHENSHIRE,SA14,,,,01554 820247,01554 820247, SA14 8YY,
I L & E Harries,LLANELLI,CARMARTHENSHIRE,SA14,,,,01269 844664,01269 844664, SA14 6PL,
H P JONES & SON LTD,LLANDYSUL,CEREDIGION,SA44,,,,01545 580320,01545 580320, SA44 6JN,
T N & B L WILLIAMS,CARDIGAN,CEREDIGION,SA43,,,,01239 613164,01239 613164, SA43 3AD,
Watkins Partnership,WHITLAND,CARMARTHENSHIRE,SA34,,,,01994 484336,01994 484336, SA34 0DT,
Trafel-Yr-Ych Limited,CARMARTHEN,CARMARTHENSHIRE,SA33,,,,01994 230909,01994 230909, SA33 5QU,
M & C REES,LLANDYSUL,CEREDIGION,SA44,,,,01239 654381,01239 654381, SA44 6EB,
Evans Bros,LLANRHYSTYD,CEREDIGION,SY23,,,,01974 272260,01974 272260, SY23 5BD,
A E Williams,LLANELLI,CARMARTHENSHIRE,SA14,,,,01269 842345,01269 842345, SA14 6SU,
R T Woolley & Son,ABERYSTWYTH,CEREDIGION,SY23,,,,01970 617627,01970 617627, SY23 4DL,
C J Lewis,LLANDOVERY,CARMARTHENSHIRE,SA20,,,,01550 720247,01550 720247, SA20 0DJ,
D J & MRS M Y EVANS,LLANYBYDDER,CARMARTHENSHIRE,SA40,,,,01570 480444,01570 480444, SA40 9UE,
M/s E W Hartt & Sons,CLYNDERWEN,CARMARTHENSHIRE,SA66,,,,01437 563338,01437 563338, SA66 7HB,
Rees & Jones,LAMPETER,CEREDIGION,SA48,,,,01570 422593,01570 422593, SA48 8HU,
B Williams & Co.,LAMPETER,CEREDIGION,SA48,,,,01570 422800,01570 422800, SA48 8HU,
D A & C L Owens,CARMARTHEN,CARMARTHENSHIRE,SA33,,,,01994 230508,01994 230508, SA33 4LJ,
Cothi Valley Goats,LLANDEILO,CARMARTHENSHIRE,SA19,,,,01558 685555,01558 685555, SA19 7BQ,
Evans & Mills,LAMPETER,CEREDIGION,SA48,,,,01570 422569,01570 422569, SA48 7JR,
D J H & A E Thomas,LLANELLI,Carmarthenshire,SA15,,,,01554 772043,01554 772043, SA15 3JF,
J OWEN & SONS,HOLYHEAD,ANGLESEY,LL65,,,,01407 740355,01407 740355, LL65 3DX,
PARRY BROS,HOLYHEAD,ANGLESEY,LL65,,,,01407 860090,01407 860090, LL65 2EJ,
D G PARRY,BEAUMARIS,ANGLESEY,LL58,,,,01248 810482,01248 810482, LL58 8TN,
Y CWT CAWS,,ANGLESEY,LL70,,,,01248 410372,01248 410372, LL70 9DX,
PENGWERN FARMS LTD,NEWCASTLE EMLYN,CEREDIGION,SA38,,,,01239 710232,01239 710232, SA38 9LD,
E W & M E Davies & Sons,NEWCASTLE EMLYN,CEREDIGION,SA38,,,,01239 710301,01239 710228, SA38 9AJ,
DP & EJ ROBINSON,LLANDYSUL,CEREDIGION,SA44,,,,01559 370341,01559 370341, SA44 5DW,
Mr A L Evans & Son,LLANDYSUL,CEREDIGION,SA44,,,,01559 363899,01559 363899, SA44 4RD,
E R & M G Evans,LAMPETER,CEREDIGION,SA48,,,,01570 470286,01570 470286, SA48 8RG,
H P JONES & SON LTD,LLANDYSUL,CEREDIGION,SA44,,,,01545 580320,01545 580320, SA44 6JN,
T N & B L WILLIAMS,CARDIGAN,CEREDIGION,SA43,,,,01239 613164,01239 613164, SA43 3AD,
M & C REES,LLANDYSUL,CEREDIGION,SA44,,01239 654381,,,01239 654381, SA44 6EB,
Mr & Mrs T Evans & T R Evans,NEWCASTLE EMLYN,CEREDIGION,SA38,,01239 710228,,,01239 710228, SA38 9AJ,
Evans Bros,LLANRHYSTYD,CEREDIGION,SY23,,01974 272260,,,01974 272260, SY23 5BD,
R T Woolley & Son,ABERYSTWYTH,CEREDIGION,SY23,,01970 617627,,,01970 617627, SY23 4DL,
D L Morris,ABERYSTWYTH,CEREDIGION,SY23,,01970 880260,,,01970 880260, SY23 3NA,
Rees & Jones,LAMPETER,CEREDIGION,SA48,,01570 422593,,,01570 422593, SA48 8HU,
B Williams & Co.,LAMPETER,CEREDIGION,SA48,,01570 422800,,,01570 422800, SA48 8HU,
Evans & Mills,LAMPETER,CEREDIGION,SA48,,01570 422569,,,01570 422569, SA48 7JR,
D J & G Davies,LAMPETER,CEREDIGION,SA48,,01570 423583,,,01570 423583, SA48 8AP,
D B M DAVIES,LAMPETER,CEREDIGION,SA48,,01570 470221,,,01570 470221, SA48 8RA,
M M & A Green,TREGARON,CEREDIGION,SY25,,01974 298356,,,01974 298356, SY25 6UN,
A H & F M WILSON,CARDIGAN,CEREDIGION,SA43,,01239 612607,,,01239 612607, SA43 1PH,
CHETWYND FARMS LTD,NR LAMPETER,CEREDIGION,SA48,,01545 580408,,,01545 580532, SA48 7RP,
T & A Hack,LLANDYSUL,CEREDIGION,SA44,,01239 851309,,,01239 851309, SA44 5SP,
R & J JONES,CHESTER,CHESHIRE,CH3,,01829 782240,,,01829 782240,r CH3 9EH,
A F & D V SHALLCROSS,FRODSHAM,CHESHIRE,WA6,,01928 788421,,,01928 788421,m WA6 8HL,
P J WILLIAMS & PARTNERS,MIDDLEWICH,CHESHIRE,CW10,,01606 833230,,,01606 833230, CW10 0LD,
S J MITCHELL & CO,NANTWICH,CHESHIRE,CW5,,01270 841273,,,01270 841273,h CW5 7PG,
J & B BERRISFORD & SON,NANTWICH,CHESHIRE,CW5,,01270 842067,,,01270 842067,h CW5 7NT,
WINCHAM HOLSTEINS LIMITED,NORTHWICH,CHESHIRE,CW9,,01565 733677,,,01565 733677,h CW9 6DQ,
J L KENNERLEY & SON,MACCLESFIELD,CHESHIRE,SK11,,01477 571228,,,01477 571228, SK11 9ED,
J B S EARDLEY & SONS,MACCLESFIELD,CHESHIRE,SK10,,01625 829563,,,01625 610364, SK10 3DR,
MR T BELL & PARTNERS,SANDBACH,CHESHIRE,CW11,,01270 758870,,,01270 758870, CW11 3NS,
J R WARD & SONS,WINSFORD,CHESHIRE,CW7,,01606 592216,,,01606 592216,d CW7 4DB,
C & S FITTON & SON,NORTHWICH,CHESHIRE,CW9,,01606 46257,,,01606 46257, CW10 9LB,
D A PLATT & PARTNERS,NORTHWICH,CHESHIRE,CW9,,01606 43266,,,01606 43266,h CW9 6DH,
MESSRS F E WHITTAKER & SONS,MACCLESFIELD,CHESHIRE,SK11,,01625 424637,,,01625 424637, SK11 7JD,
S J FARRALL & S J STOKES,CONGLETON,CHESHIRE,CW12,,01260 273964,,,01260 273964, CW12 2NN,
G W & M A PLATT & SON,MACCLESFIELD,CHESHIRE,SK11,,01260 223217,,,01260 223217, SK11 9JB,
E DAVIES & PARTNERS,MACCLESFIELD,CHESHIRE,SK11,,01260 223314,,,01260 223314, SK11 0JH,
WHEELTON FARMS LTD,MACCLESFIELD,CHESHIRE,SK11,,01260 224355,,,01260 224355, SK11 9EX,
D R WRENCH,MACCLESFIELD,CHESHIRE,SK10,,01625 610364,,,01625 610364, SK10 3DR,
R & M BROCKLEHURST & SON,MACCLESFIELD,CHESHIRE,SK11,,01477 571242,,,01477 571242, SK11 9EF,
D R K AGRICULTURE,MACCLESFIELD,CHESHIRE,SK11,,01477 571327,,,01477 571327, SK11 9DG,
WORTH PARTNERS,MACCLESFIELD,CHESHIRE,SK11,,01260 224373,,,01260 224373, SK11 9HW,
PEARSON & SON,MACCLESFIELD,CHESHIRE,SK11,,01625 422084,,,01625 422084, SK11 0AF,
Deans Farms Ltd,NR MACCLESFIELD,CHESHIRE,SK11,,01260 227233,,,01260 227233, SK11 0BJ,
S & S YARWOOD AND SON,CONGLETON,CHESHIRE,CW12,,01477 500233,,,01477 500233, CW12 4TA,
CLAYDEN HOLSTEINS,CREWE,CHESHIRE,CW1,,01270 585623,,,01270 585623,e CW1 5SH,
J OWEN & SONS,HOLYHEAD,ANGLESEY,LL65,,,,01407 740355,01407 740355, LL65 3DX,
PARRY BROS,HOLYHEAD,ANGLESEY,LL65,,,,01407 860090,01407 860090, LL65 2EJ,
D G PARRY,BEAUMARIS,ANGLESEY,LL58,,,,01248 810482,01248 810482, LL58 8TN,
Y CWT CAWS,,ANGLESEY,LL70,,,,01248 410372,01248 410372, LL70 9DX,
M R MEREDITH T/A HARTLEY FARM,BATH,BATH & N E SOMERSET,BA1,,,,01225 864948,01225 864948, BA15 2JB,
Park Farm Limited,BATH,BATH & NORTH EAST SOMERSET,BA1,,,,01225 436332,01225 436332,h BA1 9AG,
Sparkes Contracting Ltd,BRISTOL,BATH & NORTH EAST SOMERSET,BS40,,,,01275 332751,01275 332751, BS39 4DE,
R D R STEVENS & SONS,BRISTOL,BATH & NORTH EAST SOMERSET,BS39,,,,01275 332630,01275 332630, BS39 4DJ,
J C GAY & SON,WEST HARPTREE,BATH & NORTH EAST SOMERSET,BS40,,,,01761 221313,01761 221313, BS40 6HP,
A N Read & Sons,BRISTOL,BATH & NORTH EAST SOMERSET,BS40,,,,01761 462253,01761 462253, BS40 8YH,
E J KEEDWELL,BRISTOL,BATH & NORTH EAST SOMERSET,BS40,,,,01275 332273,01275 332273, BS40 8YD,
W J Weeks & Son,BRISTOL,BATH & NORTH EAST SOMERSET,BS40,,,,0117 911 8899,01761 221819, BS40 6EL,
CHELLINGTON PARTNERS,BEDFORD,BEDFORDSHIRE,MK43,,,,01234 720406,01234 720406, MK43 7LH,
A G BURTON,BEDFORD,BEDFORDSHIRE,MK45,,,,01525 860358,01525 860358, MK45 4HT,
E & D G STEVENS,NEWBURY,BERKSHIRE,RG17,,,,01367 253669,01367 253669,e GL7 3HB,
CENTRE FOR DAIRY RESEARCH,READING,BERKSHIRE,RG2,,,,0118 976 0964,0118 976 0964,g RG2 9HX,
THE UNIVERSITY OF READING,READING,BERKSHIRE,RG2,,,,0118 378 8811,0118 987 5123,Reading,
FOLLY FARM PARTNERS,READING,BERKSHIRE,RG7,,,,0118 930 2580,0118 930 2580,g RG7 4DR,
FARLEY FARMS,READING,BERKSHIRE,RG2,,,,0118 973 0047,0118 973 0047,g RG7 1UL,
A C WOODLEY & PARTNERS,SLOUGH,BERKSHIRE,SL1,,,,01628 666678,01628 666678,h SL1 7AD,
W F FISHER & SON,NEWBURY,BERKSHIRE,RG20,,,,01635 253055,01635 253055, RG20 9SJ,
R L HARES & SONS,ALVESTON,BRISTOL,BS35,,,,01454 413635,01454 413635, BS35 3SX,
R W & W J Harraway & Partners,,BRISTOL,BS35,,,,01454 415472,01454 415472, BS35 1NL,
UNIVERSITY OF BRISTOL VET. SCHOOL,LANGFORD,BRISTOL,BS40,,,,0117 428 2744,0117 428 2744, BS40 5DU,
M/S W & C LASBURY,COMPTON MARTIN,BRISTOL,BS40,,,,01761 221424,01761 221284, BS40 6JE,
"R G, M G YOUNG & PARTNER",MILTON KEYNES,BUCKINGHAMSHIRE,MK17,,,,01908 501755,01908 501755, MK17 0ER,
P C AND R W WHITE,MILTON KEYNES,BUCKINGHAMSHIRE,MK19,,,,01908 501870,01908 501870, MK19 6EN,
BEECHDEAN FARMS,HIGH WYCOMBE,BUCKINGHAMSHIRE,HP14,,,,01494 562245,01494 562245, HP14 4NL,
J & S WHITBY,SLOUGH,BUCKINGHAMSHIRE,SL3,,,,01753 521856,01753 521856,h SL3 6DR,
John Tamplin & Son,,Caerphilly,CF83,,,,01633 440201,01633 440201, CF83 8NR,
T/A: J O Williams,,Cambridgeshire,PE28,,,,01480 860441,01480 860441, PE28 0RT,
Fferm Plas Y Cerdin,,Carmarthanshire,SA33,,,,01267 253498,01267 253498, SA33 6DA,
C L & S G Jones,CARMARTHEN,CARMARTHENSHIRE,SA32,,,,01267 253252,01267 290900, SA32 7EN,
Trefynys Farm Ltd,CARMARTHEN,CARMARTHENSHIRE,SA32,,,,01267 237093,01267 237093, SA32 7HU,
Beili Glas Cyf,CARMARTHEN,CARMARTHENSHIRE,SA32,,,,01267 290359,01267 290359, SA32 7EW,
Penronw Farms,CARMARTHEN,CARMARTHENSHIRE,SA33,,,,01267 253638,01267 253638, SA33 6LD,
W J Phillips,CARMARTHEN,CARMARTHENSHIRE,SA31,,,,01267 237014,01267 237014, SA31 2LP,
W J Jones & Co,CARMARTHEN,CARMARTHENSHIRE,SA32,,,,01267 237403,01267 237403, SA32 8DU,
Iscoed Farms Ltd,CARMARTHEN,CARMARTHENSHIRE,SA17,,,,01267 267383,01267 267383, SA17 5TR,
Hendy Farms Ltd,CARMARTHEN,CARMARTHENSHIRE,SA32,,,,01267 236879,01267 236879, SA32 8EL,
J A Thomas,CARMARTHEN,CARMARTHENSHIRE,SA32,,,,01267 253381,01267 253381, SA32 7JE,
D W & E N & D G N Richards,LLANELLI,CARMARTHENSHIRE,SA15,,,,01269 870371,01269 870371, SA15 5AN,
Penlan Argoed Ltd,CARMARTHEN,CARMARTHENSHIRE,SA31,,,,01267 237705,01267 237705, SA31 1TR,
Pentremeurig Farm Limited,CARMARTHEN,CARMARTHENSHIRE,SA31,,,,01267 236051,01267 236051, SA31 3ET,
Castell Gorwyn Farm Ltd,CARMARTHEN,CARMARTHENSHIRE,SA33,,,,01994 484528,01994 484528, SA33 5PR,
I R & M M Jenkins,CLYNDERWEN,CARMARTHENSHIRE,SA66,,,,01994 419222,01994 419222, SA66 7XG,
Tremellen Farms Ltd,CARMARTHEN,CARMARTHENSHIRE,SA33,,,,01994 453677,01994 453677, SA33 4PP,
Birdcombe Farm Ltd,CARMARTHEN,CARMARTHENSHIRE,SA34,,,,01994 448389,01994 448389, SA34 0EE,
Drefach Farms Ltd,WHITLAND,CARMARTHENSHIRE,SA34,,,,01994 240362,01994 240362, SA34 0SP,
W L & A Windsor & Son,WHITLAND,CARMARTHENSHIRE,SA34,,,,01994 240066,01994 240066, SA34 0LS,
Cilau Fawr Ltd,CLYNDERWEN,CARMARTHENSHIRE,SA66,,,,01994 419458,01994 419458, SA66 7UT,
D T & E G EVANS,LLANDEILO,CARMARTHENSHIRE,SA19,,,,01558 822542,01558 822542, SA19 6RS,
Dolau Ltd,LLANDEILO,CARMARTHENSHIRE,SA19,,,,01558 824182,01558 824182, SA19 7LE,
Fferm Y Graig,CARMARTHEN,CARMARTHENSHIRE,SA32,,,,01267 290232,01267 290232, SA32 7PF,
J M & C M L Williams,CARMARTHEN,CARMARTHENSHIRE,SA32,,,,01558 668223,01558 668223, SA32 8RL,
I Jones & Son,LLANDEILO,CARMARTHENSHIRE,SA19,,,,01558 822542,01558 822542, SA19 6RS,
A & L M Williams,LLANGADOG,CARMARTHENSHIRE,SA19,,,,01550 777696,01550 777696, SA19 9DD,
J D Thomas & Co,LLANWRDA,CARMARTHENSHIRE,SA19,,,,01550 777220,01550 777220, SA19 8HS,
D S RICHARDS,LLANGADOG,CARMARTHENSHIRE,SA19,,,,01550 777365,01550 777365, SA19 9NB,
D H THOMAS,LLANDEILO,CARMARTHENSHIRE,SA19,,,,01558 685434,01558 685434, SA19 7AZ,
I L & E Harries,LLANELLI,CARMARTHENSHIRE,SA14,,,,01269 844664,01269 844664, SA14 6PL,
Watkins Partnership,WHITLAND,CARMARTHENSHIRE,SA34,,,,01994 484336,01994 484336, SA34 0DT,
C J Lewis,LLANDOVERY,CARMARTHENSHIRE,SA20,,,,01550 720247,01550 720247, SA20 0DJ,
D J & MRS M Y EVANS,LLANYBYDDER,CARMARTHENSHIRE,SA40,,,,01570 480444,01570 480444, SA40 9UE,
M/s E W Hartt & Sons,CLYNDERWEN,CARMARTHENSHIRE,SA66,,,,01437 563338,01437 563338, SA66 7HB,
D A & C L Owens,CARMARTHEN,CARMARTHENSHIRE,SA33,,,,01994 230508,01994 230508, SA33 4LJ,
Cothi Valley Goats,LLANDEILO,CARMARTHENSHIRE,SA19,,,,01558 685555,01558 685555, SA19 7BQ,
PENGWERN FARMS LTD,NEWCASTLE EMLYN,CEREDIGION,SA38,,,,01239 710232,01239 710232, SA38 9LD,
E W & M E Davies & Sons,NEWCASTLE EMLYN,CEREDIGION,SA38,,,,01239 710301,01239 710228, SA38 9AJ,
DP & EJ ROBINSON,LLANDYSUL,CEREDIGION,SA44,,,,01559 370341,01559 370341, SA44 5DW,
Mr A L Evans & Son,LLANDYSUL,CEREDIGION,SA44,,,,01559 363899,01559 363899, SA44 4RD,
E R & M G Evans,LAMPETER,CEREDIGION,SA48,,,,01570 470286,01570 470286, SA48 8RG,
R T & M I Fear & Sons,LAMPETER,CEREDIGION,SA48,,,,01545 570251,01545 570251, SA48 8DH,
H P JONES & SON LTD,LLANDYSUL,CEREDIGION,SA44,,,,01545 580320,01545 580320, SA44 6JN,
T N & B L WILLIAMS,CARDIGAN,CEREDIGION,SA43,,,,01239 613164,01239 613164, SA43 3AD,
M & C REES,LLANDYSUL,CEREDIGION,SA44,,,,01239 654381,01239 654381, SA44 6EB,
Evans Bros,LLANRHYSTYD,CEREDIGION,SY23,,,,01974 272260,01974 272260, SY23 5BD,
R T Woolley & Son,ABERYSTWYTH,CEREDIGION,SY23,,,,01970 617627,01970 617627, SY23 4DL,
D L Morris,ABERYSTWYTH,CEREDIGION,SY23,,,,01970 880260,01970 880260, SY23 3NA,
Rees & Jones,LAMPETER,CEREDIGION,SA48,,,,01570 422593,01570 422593, SA48 8HU,
B Williams & Co.,LAMPETER,CEREDIGION,SA48,,,,01570 422800,01570 422800, SA48 8HU,
Evans & Mills,LAMPETER,CEREDIGION,SA48,,,,01570 422569,01570 422569, SA48 7JR,
D J & G Davies,LAMPETER,CEREDIGION,SA48,,,,01570 423583,01570 423583, SA48 8AP,
D B M DAVIES,LAMPETER,CEREDIGION,SA48,,,,01570 470221,01570 470221, SA48 8RA,
M M & A Green,TREGARON,CEREDIGION,SY25,,,,01974 298356,01974 298356, SY25 6UN,
A H & F M WILSON,CARDIGAN,CEREDIGION,SA43,,,,01239 612607,01239 612607, SA43 1PH,
CHETWYND FARMS LTD,NR LAMPETER,CEREDIGION,SA48,,,,01545 580408,01545 580532, SA48 7RP,
T & A Hack,LLANDYSUL,CEREDIGION,SA44,,,,01239 851309,01239 851309, SA44 5SP,
R & J JONES,CHESTER,CHESHIRE,CH3,,,,01829 782240,01829 782240,r CH3 9EH,
A F & D V SHALLCROSS,FRODSHAM,CHESHIRE,WA6,,,,01928 788421,01928 788421,m WA6 8HL,
P J WILLIAMS & PARTNERS,MIDDLEWICH,CHESHIRE,CW10,,,,01606 833230,01606 833230, CW10 0LD,
S J MITCHELL & CO,NANTWICH,CHESHIRE,CW5,,,,01270 841273,01270 841273,h CW5 7PG,
J & B BERRISFORD & SON,NANTWICH,CHESHIRE,CW5,,,,01270 842067,01270 842067,h CW5 7NT,
WINCHAM HOLSTEINS LIMITED,NORTHWICH,CHESHIRE,CW9,,,,01565 733677,01565 733677,h CW9 6DQ,
J L KENNERLEY & SON,MACCLESFIELD,CHESHIRE,SK11,,,,01477 571228,01477 571228, SK11 9ED,
J B S EARDLEY & SONS,MACCLESFIELD,CHESHIRE,SK10,,,,01625 829563,01625 610364, SK10 3DR,
MR T BELL & PARTNERS,SANDBACH,CHESHIRE,CW11,,,,01270 758870,01270 758870, CW11 3NS,
J R WARD & SONS,WINSFORD,CHESHIRE,CW7,,,,01606 592216,01606 592216,d CW7 4DB,
C & S FITTON & SON,NORTHWICH,CHESHIRE,CW9,,,,01606 46257,01606 46257, CW10 9LB,
B E WORTH,NORTHWICH,CHESHIRE,CW9,,,,01606 46235,01606 46235,h CW9 7SD,
D A PLATT & PARTNERS,NORTHWICH,CHESHIRE,CW9,,,,01606 43266,01606 43266,h CW9 6DH,
MESSRS F E WHITTAKER & SONS,MACCLESFIELD,CHESHIRE,SK11,,,,01625 424637,01625 424637, SK11 7JD,
S J FARRALL & S J STOKES,CONGLETON,CHESHIRE,CW12,,,,01260 273964,01260 273964, CW12 2NN,
G W & M A PLATT & SON,MACCLESFIELD,CHESHIRE,SK11,,,,01260 223217,01260 223217, SK11 9JB,
E DAVIES & PARTNERS,MACCLESFIELD,CHESHIRE,SK11,,,,01260 223314,01260 223314, SK11 0JH,
WHEELTON FARMS LTD,MACCLESFIELD,CHESHIRE,SK11,,,,01260 224355,01260 224355, SK11 9EX,
D R WRENCH,MACCLESFIELD,CHESHIRE,SK10,,,,01625 610364,01625 610364, SK10 3DR,
R & M BROCKLEHURST & SON,MACCLESFIELD,CHESHIRE,SK11,,,,01477 571242,01477 571242, SK11 9EF,
D R K AGRICULTURE,MACCLESFIELD,CHESHIRE,SK11,,,,01477 571327,01477 571327, SK11 9DG,
WORTH PARTNERS,MACCLESFIELD,CHESHIRE,SK11,,,,01260 224373,01260 224373, SK11 9HW,
PEARSON & SON,MACCLESFIELD,CHESHIRE,SK11,,,,01625 422084,01625 422084, SK11 0AF,
Deans Farms Ltd,NR MACCLESFIELD,CHESHIRE,SK11,,,,01260 227233,01260 227233, SK11 0BJ,
S & S YARWOOD AND SON,CONGLETON,CHESHIRE,CW12,,,,01477 500233,01477 500233, CW12 4TA,
CLAYDEN HOLSTEINS,CREWE,CHESHIRE,CW1,,,,01270 585623,01270 585623,e CW1 5SH,
JOSEPH HELER LTD,CREWE,CHESHIRE,CW3,,,,01270 841500,01270 841500,h CW5 7PE,
DAVID REES FARMS,NANTWICH,CHESHIRE,CW5,,,,01270 520224,01270 520224,h CW5 7PN,
N DAKIN & SONS,NANTWICH,CHESHIRE,CW5,,,,01270 841333,01270 841333,h CW5 7LG,
M & S WILSON,CREWE,CHESHIRE,CW2,,,,01270 214389,01270 214389,e CW2 8SD,
REASEHEATH COLLEGE,NANTWICH,CHESHIRE,CW5,,,,01270 625131,01270 625131,h CW5 6DF,
R G FORD,NANTWICH,CHESHIRE,CW5,,,,01270 524207,01270 524207,h CW5 8JA,
R W HARPER & PARTNERS,NANTWICH,CHESHIRE,CW5,,,,01270 524285,01270 524285,h CW5 8NE,
Smeaton Hall Farm,NANTWICH,CHESHIRE,CW5,,,,01270 780990,01270 780990,h CW5 8HF,
E & O J WILLIAMS,SANDBACH,CHESHIRE,CW11,,,,01270 750852,01270 750852, CW11 1HJ,
C A VAUGHAN & SONS,NANTWICH,CHESHIRE,CW5,,,,01270 524234,01270 524234,h CW5 8LT,
A G THREADGOLD,NANTWICH,CHESHIRE,CW5,,,,01270 780266,01270 780266,h CW5 8DB,
ITHELL BROS,FRODSHAM,CHESHIRE,WA6,,,,01244 301688,01244 301688,m WA6 0LP,
T.R. & J.M. OULTRAM & SONS,FRODSHAM,CHESHIRE,WA6,,,,01928 788477,01928 788477,m WA6 6TH,
M/S T & R GLEAVE & SONS,FRODSHAM,CHESHIRE,WA6,,,,01928 735713,01928 735713,m WA6 7JA,
H A CHALLONER & SONS,FRODSHAM,CHESHIRE,WA6,,,,01928 740248,01928 740248,m WA6 9EY,
R P HILL,KNUTSFORD,CHESHIRE,WA16,,,,01565 722763,01565 722763, WA16 9NP,
GARNETT FARMS,KNUTSFORD,CHESHIRE,WA16,,,,01565 722922,01565 722922, WA16 9LT,
Mr R A Leech,CREWE,CHESHIRE,CW1,,,,01270 522229,01270 522229,e CW1 4RD,
J W GLEAVE,CREWE,CHESHIRE,CW4,,,,01606 832609,01606 832609,e CW4 7LP,
MESSRS JOHN A &C J SHERWIN,CREWE,CHESHIRE,CW4,,,,01606 832147,01606 832147,e CW4 7LP,
T LEA SHERWIN FARMS,MIDDLEWICH,CHESHIRE,CW10,,,,01606 832124,01606 832124, CW10 9JS,
J Richardson & Son,SANDBACH,CHESHIRE,CW11,,,,01270 526234,01270 526234, CW11 3QP,
PHIL CALLWOOD & PARTNERS,NANTWICH,CHESHIRE,CW5,,,,01270 628727,01270 628727,h CW5 6DS,
W A & C G OAKES,MIDDLEWICH,CHESHIRE,CW10,,,,01606 833240,01606 833240, CW10 9NE,
HANKINS HEYS FARM LIMITED,CREWE,CHESHIRE,CW3,,,,01630 653017,01630 653017,e CW3 0DH,
F M GOODWIN & CO,CREWE,CHESHIRE,CW3,,,,01270 811232,01270 811232,e CW3 0JD,
G & E RADLEY & SON,CONGLETON,CHESHIRE,CW12,,,,01260 224794,01260 224794, CW12 2JX,
F R Johnson & Son,CHESTER,CHESHIRE,CH3,,,,01244 300339,01244 300339,r CH3 7JU,
S F R FARMING LIMITED,TARPORLEY,CHESHIRE,CW6,,,,01829 781338,01829 781338,y CW6 0EG,
D HARRIS FARMS SUPPLIES LTD,NANTWICH,CHESHIRE,CW5,,,,07595 879829,07595 879829,h CW5 8AX,
MESSRS P.JEFFS & SONS,TARPORLEY,CHESHIRE,CW6,,,,01829 760207,01829 760207,y CW6 9DA,
J R WILLIS FARMS,CHESTER,CHESHIRE,CH3,,,,01928 740707,01928 740707,r CH3 8AR,
MESSRS W HODGSON & SONS,TARPORLEY,CHESHIRE,CW6,,,,01829 732529,01829 732529,y CW6 9AT,
W J G Dimelow & Co,MALPAS,CHESHIRE,SY14,,,,01948 860717,01948 860717, SY14 7ES,
B BRISCOE & SON,CHESTER,CHESHIRE,CH3,,,,01829 781202,01829 781202,r CH3 9BR,
C  WHITTINGHAM & SON,CHESTER,CHESHIRE,CH3,,,,01829 781371,01829 781371,r CH3 9BZ,
C R DUTTON & SONS,CHESTER,CHESHIRE,CH3,,,,01829 270321,01829 270321,r CH3 6NF,
W SHONE & SONS,MALPAS,CHESHIRE,SY14,,,,01829 250226,01829 250226, SY14 7BN,
R J & J L BOSTOCK LTD,MALPAS,CHESHIRE,SY14,,,,01829 250308,01829 250308, SY14 7JE,
GARNETT FARMS,KNUTSFORD,CHESHIRE,WA16,,,,01565 722922,01565 722922, WA16 9LT,
P J EDWARDS,CHESTER,CHESHIRE,CH3,,,,01244 314667,01244 314667,r CH3 6EA,
I S JONES & PARTNER,CHESTER,CHESHIRE,CH2,,,,01244 300300,01244 397397,r CH2 1BQ,
R T FITTON & CO LTD,CHESTER,CHESHIRE,CH3,,,,01244 335598,01244 335598,r CH3 6AX,
C B DAVIES & PARTNERS,CHESTER,CHESHIRE,CH3,,,,01244 335816,01244 335816,r CH3 7PD,
T P DUTTON & SONS,CHESTER,CHESHIRE,CH2,,,,01244 321731,01244 321731,r CH2 2PE,
E BLOCKLEY,KNUTSFORD,CHESHIRE,WA16,,,,01565 830197,01565 830197, WA16 6SP,
R J & L J GADEN,MALPAS,CHESHIRE,SY14,,,,01829 720205,01829 720205, SY14 8BT,
J W HANDFORD & SONS,HIGH PEAK,CHESHIRE,SK22,,,,01663 742189,01663 742189, SK22 1AU,
V MOSS & SONS,MACCLESFIELD,CHESHIRE,SK11,,,,01260 226551,01260 226551, SK11 0RS,
GRAHAM WARD FARMS LTD,CREWE,CHESHIRE,CW3,,,,01782 750300,01782 750300,e CW3 9PE,
FURNIVAL FARMS LTD,CREWE,CHESHIRE,CW3,,,,01782 750202,01782 750202,e CW3 9PS,
C ROYLE & SON,ALTRINCHAM,CHESHIRE,WA14,,,,0161 928 7600,0161 928 7600, WA14 4SP,
T E RIGBY,WARRINGTON,CHESHIRE,WA3,,,,01942 671020,01942 671020,n WA3 1LQ,
E H ARDEN & SON,CHESTER,CHESHIRE,CH4,,,,01244 532516,01244 532516,r CH4 0NS,
R W LITTLER,CHESTER,CHESHIRE,CH1,,,,01244 377571,01244 377571,r CH1 4LT,
MR P A JONES,FRODSHAM,CHESHIRE,WA6,,,,01928 890549,01928 890549,m WA6 7DJ,
Hunt Partnership,CREWE,CHESHIRE,CW2,,,,01270 841534,01270 841534,e CW2 5JJ,
T J & S L MANSELL,TARPORLEY,CHESHIRE,CW6,,,,01829 260325,01829 260325,y CW6 9QH,
DALE FARMS,HOLMES CHAPEL,CHESHIRE,CW4,,,,01477 533239,01477 533239,
GARNETT FARMS,KNUTSFORD,CHESHIRE,WA16,,,,01565 722922,01565 722922, WA16 9LT,
GRAHAM WARD FARMS LTD,CREWE,CHESHIRE,CW3,,,,01782 750300,01782 750300,e CW3 9PE,
WHEELTON FARMS LTD,MACCLESFIELD,CHESHIRE,SK11,,,,01260 224355,01260 224355, SK11 9EX,
TA: Meadow Lea Farm,Chester,Cheshire,CH2,,,,01244 300335,01244 300335,d CH2 4EH,
P H Bourne & Partners,Nantwich,Cheshire,CW5,,,,01270 528219,01270 528219,h CW5 6AS,
T/A: Hopewall Farm Foods,Adlington,Cheshire,SK10,,,,01625 872304,01625 872304, SK12 1YL,
REVELEY FARMS,SALTBURN,CLEVELAND,TS12,,,,01287 650456,01287 650456, TS12 3HD,
T R & M J MILLER & SONS,SALTBURN,CLEVELAND,TS13,,,,01287 640457,01287 640457, TS13 4SZ,
T/A J & G CLARK,HARTLEPOOL,CLEVELAND,TS27,,,,01429 836376,01429 836376, TS27 4PS,
F M & B GRIFFITHS,WREXHAM,CLWYD,LL13,,,,01978 660402,01978 660402, LL13 9RH,
M/s G Thompson & Sons,BISHOP AUCKLAND,CO DURHAM,DL13,,,,01388 718261,01388 718261, DL13 5LB,
STAINTON HILL FARMS,BARNARD CASTLE,CO DURHAM,DL12,,,,01833 638063,01833 638063, DL12 8RB,
N & A D BRASS & SON,DURHAM,CO DURHAM,DH6,,,,01429 820242,01429 820242,m DH6 1NH,
M ORD & SONS,DARLINGTON,CO DURHAM,DL1,,,,01325 313365,01325 313365,n DL1 3LG,
High Hedley Hope Farm Ltd,Bishop Auckland,Co Durham,DL13,,,,01388 730603,01388 730603, DL13 4PR,
R D JONES & CO,COLWYN BAY,CONWY,LL28,,,,01492 650293,01492 650293, LL28 5RT,
DAVIES BROS,COLWYN BAY,CONWY,LL28,,,,01745 720204,01745 822000, LL22 7PX,
D W & Ll A Jones & Son,COLWYN BAY,CONWY,LL28,,,,01492 531414,01492 531414, LL29 8DW,
C & G OWEN,COLWYN BAY,CONWY,LL28,,,,01492 530000,01492 530000, LL29 7LD,
A ROBERTS,ABERGELE,CONWY,LL22,,,,01745 827777,01745 827777, LL22 7LW,
ALUN JONES A'I GWMNI,ABERGELE,CONWY,LL22,,,,01745 860267,01745 823897, LL22 7SH,
A W SANDERS,CAMELFORD,CORNWALL,PL32,,,,01840 212391,01840 212391, PL32 9UB,
C P RICHARDS & SON LTD,HAYLE,CORNWALL,TR27,,,,01736 752393,01736 752393, TR27 6LH,
F A PEARCE,TRURO,CORNWALL,TR4,,,,01872 560663,01872 560663,o TR4 8GB,
S & S F COTTERILL,TRURO,CORNWALL,TR2,,,,01872 520691,01872 520691,o TR2 4HS,
E P & P A JENKIN,HELSTON,CORNWALL,TR13,,,,01326 572557,01326 572557, TR13 0QH,
J A & L S M TRIPCONEY,HELSTON,CORNWALL,TR12,,,,01326 280614,01326 280614,verne 6RP,
W J A & S J HAIN,REDRUTH,CORNWALL,TR16,,,,01209 212136,01209 212136,, Redruth,
A G TILLY & SON,PENZANCE,CORNWALL,TR20,,,,01736 710301,01736 710301, TR20 8AA,
Trink Dairy Limited,ST IVES,CORNWALL,TR26,,,,07762 634838,07762 634838, TR26 3JG,
J S & A M NICHOLLS,PENZANCE,CORNWALL,TR20,,,,01736 363436,01736 363436, TR20 8PA,
J L & N J SAMPSON,PENZANCE,CORNWALL,TR19,,,,01736 810308,01736 810308, TR19 6ED,
R JELBERT & SON,PENZANCE,CORNWALL,TR19,,,,01736 602280,01736 602280,
C F HALL,PENZANCE,CORNWALL,TR19,,,,01736 810253,01736 810253, TR19 6LF,
N H SEMMENS & SON LTD,PENZANCE,CORNWALL,TR19,,,,01736 871281,01736 871281, TR19 6NA,
J A & J H MANN,ST IVES,CORNWALL,TR26,,,,01736 794849,01736 791685, TR26 2JH,
A L & E M ADAMS,TRURO,CORNWALL,TR4,,,,01872 560256,01872 560256,o TR4 8JZ,
P J GRYLLS & SONS,TRURO,CORNWALL,TR4,,,,01872 273340,01872 273340,o TR4 9EH,
E G RICKARD,TRURO,CORNWALL,TR4,,,,01872 560420,01872 560420,o TR4 8JA,
J & R PENNINGTON,PORT ISAAC,CORNWALL,PL29,,,,01208 880207,01208 880207, PL30 3HR,
T I WELLINGTON,BODMIN,CORNWALL,PL30,,,,01208 880344,01208 880344,m, Bodmin,
DALLY PARTNERS,WADEBRIDGE,CORNWALL,PL27,,,,01208 813501,01208 813501, PL27 6RG,
J KEMPTHORNE & SONS,BODMIN,CORNWALL,PL30,,,,01208 850245,01208 850245, PL30 3NR,
R J & E J HEMMINGS,BODMIN,CORNWALL,PL30,,,,01208 872716,01208 872716, PL30 5DA,
PHILLIPS PARTNERSHIP,PAR,CORNWALL,PL24,,,,01726 812610,01726 812610, PL24 2RS,
H K NICHOLLS & SON,LOSTWITHIEL,CORNWALL,PL22,,,,01208 872891,01208 872891, PL22 0LN,
K D BARRETT & SONS,LISKEARD,CORNWALL,PL14,,,,01503 262997,01503 262997, PL14 4PJ,
P M & J E KITTO,LOOE,CORNWALL,PL13,,,,01503 240237,01503 240237,tes, Looe,
T C LANE,HELSTON,CORNWALL,TR12,,,,01326 240493,01326 240493, Cury 7RA,
GWAVAS JERSEY FARM,HELSTON,CORNWALL,TR12,,,,07973 690232,07973 690232, TR12 7AR,
H.M & C.S ROWE,HELSTON,CORNWALL,TR12,,,,01326 290397,01326 290397, TR12 7LL,
F H BENNEY & SONS,HELSTON,CORNWALL,TR13,,,,01326 572162,01326 572162, TR13 0SB,
COLGROVE PARTNERSHIP,ST COLUMB,CORNWALL,TR9,,,,01726 842286,01726 842286, PL26 6EZ,
W R C & J E CHRISTOPHERS,TRURO,CORNWALL,TR4,,,,01872 520284,01872 520284,n TR4 9QX,
CHYNOWETH FARM PARTNERS,TRURO,CORNWALL,TR4,,,,01872 540447,01872 540447,o TR4 9DG,
R & D HOPKINS,NEWQUAY,CORNWALL,TR8,,,,01872 510374,01872 510374,t TR8 5DQ,
J A H WOOD & SONS,WADEBRIDGE,CORNWALL,PL27,,,,01841 540226,01841 540226, PL27 7SG,
A P & D J HOUSE,WADEBRIDGE,CORNWALL,PL27,,,,01208 815369,01208 813219, PL27 6EN,
T F SAMPSON & SONS,NEWQUAY,CORNWALL,TR8,,,,01872 510276,01872 510276,y TR8 5LS,
C N THOMAS & SON,BODMIN,CORNWALL,PL30,,,,01637 880320,01637 880320, PL30 5PJ,
V P & H RETALLICK,BODMIN,CORNWALL,PL30,,,,01726 890616,01726 890616, PL30 5PS,
R C EAMES & SON,ST AUSTELL,CORNWALL,PL26,,,,01872 501267,01872 501267, PL26 6LZ,
P J & E J GOODMAN,LAUNCESTON,CORNWALL,PL15,,,,01566 775226,01566 775226, PL15 9LX,
J T ROWE,CAMBORNE,CORNWALL,TR14,,,,01209 713704,01209 713704, TR14 0QJ,
R M & C D RUNDLE,ST AUSTELL,CORNWALL,PL26,,,,01726 842284,01726 842284,t Austell,
K & L CARE,ST AUSTELL,CORNWALL,PL26,,,,01726 843482,01726 843482, PL26 6EX,
COLGROVE PARTNERS,ST AUSTELL,CORNWALL,PL26,,,,01726 842286,01726 842286, PL26 6EZ,
M S MANUELL & SON,ST AUSTELL,CORNWALL,PL26,,,,01726 72242,01726 72242, PL26 7TQ,
R G OLVER & SON,ST AUSTELL,CORNWALL,PL26,,,,01726 822206,01726 822206, PL26 7PU,
P & V C EAD & SON,ST AUSTELL,CORNWALL,PL26,,,,01726 850241,01726 850241, PL26 8PD,
MR M E & MRS J BEST,SALTASH,CORNWALL,PL12,,,,01752 843019,01752 843019, PL12 4LT,
COLDRENICK FARMS LTD.,LISKEARD,CORNWALL,PL14,,,,01503 240169,01503 240169, PL14 3RQ,
D W & L M UPINGTON,CAMELFORD,CORNWALL,PL32,,,,01840 261209,01840 261209, PL32 9XT,
T A & S J KEMPTHORNE,DELABOLE,CORNWALL,PL33,,,,01840 213792,01840 213792, PL33 9EY,
D J PLUESS,BODMIN,CORNWALL,PL30,,,,01208 850503,01208 850503, PL30 4PJ,
R P & S A  NUTE,TINTAGEL,CORNWALL,PL34,,,,01840 770994,01840 770994, PL34 0BB,
R & C Ward,BUDE,CORNWALL,EX23,,,,01840 230391,01840 230391, EX23 0JQ,
F E &  D K JENKIN,FALMOUTH,CORNWALL,TR11,,,,01326 340431,01326 340431, TR11 5QU,
W B BOWDEN & SONS,FALMOUTH,CORNWALL,TR11,,,,01326 340081,01326 340081, TR11 5QQ,
M/S P C & C D CARTER,FALMOUTH,CORNWALL,TR11,,,,01326 373423,01326 373423, TR11 4SN,
W E NICHOLLS & CO.,FALMOUTH,CORNWALL,TR11,,,,01326 373630,01326 318813, TR11 2AD,
C W DANIEL & SON,CALLINGTON,CORNWALL,PL17,,,,01579 362255,01579 362255, PL17 7PB,
E J WENMOTH & PARTNERS,LISKEARD,CORNWALL,PL14,,,,01579 383359,01579 383359, PL14 3NG,
DUCHY COLLEGE,CALLINGTON,CORNWALL,PL17,,,,0330 123 4784,0330 123 4784, PL17 8PB,
B C & P M COX,CALLINGTON,CORNWALL,PL17,,,,01579 370242,01579 370242, PL17 8NB,
P A & C T BARRETT,CALLINGTON,CORNWALL,PL17,,,,01579 370252,01579 370252, PL17 8QQ,
J N STEPHENS & SON,LAUNCESTON,CORNWALL,PL15,,,,01566 782223,01566 782223, PL15 9QA,
M R & K L CLEAVE & SON,BUDE,CORNWALL,EX23,,,,01288 331262,01288 331262, EX23 9PU,
M C BONE & SON,PENZANCE,CORNWALL,TR20,,,,01736 362177,01736 362177, TR20 8SA,
WILLS BROTHERS LTD,WADEBRIDGE,CORNWALL,PL27,,,,01208 863415,01208 863415, PL27 6RJ,
J & R PENNINGTON,BODMIN,CORNWALL,PL30,,,,01208 880207,01208 880207, PL30 3HR,
K J & J Parsons,Bude,Cornwall,EX23,,,,01288 355550,01288 355550, EX23 8QN,
W H A HICKS,FALMOUTH,CORNWALL,TR11,,,,01326 250871,01326 250871, TR11 5HT,
J C & F C TRIPCONEY,CAMBORNE,CORNWALL,TR14,,,,01209 831342,01209 831342, TR14 9NS,
Matthew Bros Limited,,Cornwall,PL26,,,,01841 540392,01841 540392, PL26 8LH,
T/A: Polmarkyn Goats,,Cornwall,PL14,,,,07419 142652,07419 142652, PL14 5RQ,
SEYMOUR FARMS,WIGTON,CUMBRIA,CA7,,,,016973 42478,016973 42478,n CA7 0BX,
Brownrigg Hall Ltd,MARYPORT,CUMBRIA,CA15,,,,01900 881498,01900 881498, CA15 6RB,
Wormanby Farms Limited,CARLISLE,CUMBRIA,CA5,,,,01228 575160,01228 575160,e CA5 6DA,
SKIRWITH HALL FARMS LTD,PENRITH,CUMBRIA,CA10,,,,01768 88241,01768 88241, CA10 1RH,
S JACKSON & SONS,PENRITH,CUMBRIA,CA11,,,,01768 867690,01768 895000, CA11 9JD,
A G BALMER,KIRKBY STEPHEN,CUMBRIA,CA17,,,,017683 41225,017683 41225, CA17 4RA,
J & M MAUDSLEY & SONS,KENDAL,CUMBRIA,LA8,,,,015395 60295,015395 60295,l LA8 0ED,
E & S M HALPIN,BARROW IN FURNESS,CUMBRIA,LA14,,,,01229 820817,01229 820817, LA14 4QD,
MESSRS  MILLICAN,PENRITH,CUMBRIA,CA10,,,,01931 714946,01931 714946, CA10 3HB,
J D WHARTON,PENRITH,CUMBRIA,CA10,,,,015396 24677,015396 24677, CA10 3ST,
MESSRS FISHER,PENRITH,CUMBRIA,CA10,,,,01768 862745,01768 862745, CA10 2JB,
H & J E WATSON,ULVERSTON,CUMBRIA,LA12,,,,01229 861450,01229 861450, LA12 8HQ,
T M W & H HODGSON,ULVERSTON,CUMBRIA,LA12,,,,01229 885623,01229 885623, LA12 8DG,
M & R NELSON,ULVERSTON,CUMBRIA,LA12,,,,01229 861518,01229 861518, LA12 7SN,
T EDMONDSON & SON,ULVERSTON,CUMBRIA,LA12,,,,01229 861400,01229 861400, LA12 7SX,
M H & S J MORRIS,GRANGE OVER SANDS,CUMBRIA,LA11,,,,015395 32841,015395 32841, LA11 7LZ,
J SCOTT & CO,GRANGE OVER SANDS,CUMBRIA,LA11,,,,015395 36509,015395 36509, LA11 7NP,
G M & A M WILSON & SON,GRANGE OVER SANDS,CUMBRIA,LA11,,,,015395 36321,015395 36321, LA11 7SN,
J J PROCTER,BARROW IN FURNESS,CUMBRIA,LA13,,,,01229 462131,01229 462131, LA13 0NN,
AE & E Garnett Ltd,BROUGHTON IN FURNESS,CUMBRIA,LA20,,,,01229 716326,01229 716326, LA20 6AB,
G J MUTTON & SONS,DALTON IN FURNESS,CUMBRIA,LA13,,,,01229 462446,01229 462446, LA13 0NT,
R & E LADDS,KENDAL,CUMBRIA,LA9,,,,01539 721419,01539 721419,l LA9 6PL,
T H GIBSON & SON,KENDAL,CUMBRIA,LA9,,,,01539 720264,01539 720264,l LA9 5SA,
R J & K R WILKINSON,KENDAL,CUMBRIA,LA8,,,,015395 52270,015395 52270,l LA8 8ES,
J W & E WOOF & SONS,SEDBERGH,CUMBRIA,LA10,,,,015396 20711,015396 20711, LA10 5EL,
F HARRISON & SONS,PENRITH,CUMBRIA,CA10,,,,01931 714237,01931 714237, CA10 3AW,
M/S J H & M E CHAPPLEHOW,APPLEBY,CUMBRIA,CA16,,,,017683 51580,017683 51580, CA16 6XU,
M/S G & M WILSON & SONS,APPLEBY,CUMBRIA,CA16,,,,017683 51872,017683 51872, CA16 6LH,
MESSRS BECKWITH,KIRKBY STEPHEN,CUMBRIA,CA17,,,,017683 41366,017683 41366, CA17 4JD,
S ALLAN & SONS,APPLEBY,CUMBRIA,CA16,,,,017683 51229,017683 51229, CA16 6XL,
MESSRS HAYLLAR,KIRKBY STEPHEN,CUMBRIA,CA17,,,,017683 41392,017683 41392, CA17 4DD,
W TEASDALE & SONS,PENRITH,CUMBRIA,CA10,,,,017683 61324,017683 61324, CA10 1XS,
CROSSFELL HOUSE FARM LTD,PENRITH,CUMBRIA,CA10,,,,017683 61141,017683 61141, CA10 1UP,
J M & A M WEAR,APPLEBY,CUMBRIA,CA16,,,,017683 51580,017683 51580, CA16 6XU,
WHITESTONE FARM,PENRITH,CUMBRIA,CA10,,,,01931 714478,01931 714478, CA10 3HB,
S MAWSON & SON,PENRITH,CUMBRIA,CA10,,,,015396 24182,015396 24182, CA10 3SA,
M & K CHIPPENDALE,KIRKBY STEPHEN,CUMBRIA,CA17,,,,017683 71487,017683 71487, CA17 4LD,
J W & T E SHARP,KENDAL,CUMBRIA,LA8,,,,015395 68261,015395 68261,l LA8 8DG,
RR & JA KNOWLES,KENDAL,CUMBRIA,LA8,,,,01539 824217,01539 824217,l LA8 0DF,
J ALLONBY & SON,KENDAL,CUMBRIA,LA8,,,,01539 824226,01539 824226,l LA8 9BP,
D R & C GALBRAITH,KENDAL,CUMBRIA,LA8,,,,01539 824281,015395 52441,
R M MASON & SON,KENDAL,CUMBRIA,LA8,,,,015395 60608,015395 60608,
R & J DODGSON,KENDAL,CUMBRIA,LA9,,,,015395 60862,015395 60862,l LA9 7QS,
H M & R A IVINSON & SONS,PENRITH,CUMBRIA,CA10,,,,01768 881392,01768 881392, CA10 1QA,
SMALLTHWAITE FARMS LTD,PENRITH,CUMBRIA,CA11,,,,017684 84223,017684 84223, CA11 9QE,
MESSRS WILSON,PENRITH,CUMBRIA,CA11,,,,01768 868065,01768 868065, CA11 8HD,
I S CARLILE & SON,CARLISLE,CUMBRIA,CA5,,,,01228 791266,01228 521545,e CA3 8HG,
M H & A R ROBINSON,KENDAL,CUMBRIA,LA8,,,,01539 722885,01539 722885,l LA8 0NB,
R & D C CARR & SON,CARLISLE,CUMBRIA,CA6,,,,01228 791281,01228 791281,e CA6 5TY,
MESSRS HETHERINGTON,CARLISLE,CUMBRIA,CA7,,,,01228 406200,01228 406200,e CA1 2RS,
MESSRS DIXON,BRAMPTON,CUMBRIA,CA8,,,,01228 560120,01228 560120,n CA8 9HB,
K A & P J WOODMAN & SON LTD,BRAMPTON,CUMBRIA,CA8,,,,01228 670284,01228 670284,n CA8 1LW,
T W & A M MOSCROP & SON,CARLISLE,CUMBRIA,CA6,,,,01228 573644,01228 573644,e CA6 4NE,
MOUNT PLEASANT FARMS,PENRITH,CUMBRIA,CA11,,,,017684 83270,017684 83270, CA11 0DA,
FLUSCOPIKE FARMS LTD,PENRITH,CUMBRIA,CA11,,,,017684 83634,017684 83634, CA11 0HT,
M & J A JOHNSTON,CARLISLE,CUMBRIA,CA4,,,,01768 885269,01768 885269,e CA4 0JJ,
LING DAIRIES LTD,CARLISLE,CUMBRIA,CA4,,,,016974 73260,016974 73260,e CA4 0JH,
Thackwood Farms Ltd,CARLISLE,CUMBRIA,CA4,,,,016974 73330,016974 73330,e CA4 0PZ,
J HODGSON & PARTNERS,CARLISLE,CUMBRIA,CA5,,,,01228 576348,01228 576348,e CA5 6EH,
J J HENDERSON & SON,CARLISLE,CUMBRIA,CA5,,,,016974 76464,016974 76464,e CA5 7EN,
Messrs Harrington,CARLISLE,CUMBRIA,CA5,,,,016974 76298,016974 76298,e CA5 7AH,
H Martin & Son,CARLISLE,CUMBRIA,CA5,,,,016974 76261,016974 76261,e CA5 7AH,
C J AND V M GILLESPIE,CARLISLE,CUMBRIA,CA5,,,,016973 51378,016973 51378,e CA5 6JE,
PEASTREE FARM LTD,CARLISLE,CUMBRIA,CA5,,,,01228 535354,01228 535354,e CA5 7LJ,
BURTHWAITE FARMS,CARLISLE,CUMBRIA,CA4,,,,016974 73267,016974 73267,e CA4 0RT,
WILSON OF WOODSIDE LTD,CARLISLE,CUMBRIA,CA4,,,,016974 73706,016974 73706,e CA4 0NB,
MESSRS J J BAXTER,CARLISLE,CUMBRIA,CA5,,,,01228 576743,01228 576743,e CA5 6ED,
HILLTOP ORGANICS,CARLISLE,CUMBRIA,CA4,,,,016974 75881,016974 75881,e CA4 0NR,
M/S EA & RS BELL,WIGTON,CUMBRIA,CA7,,,,016973 42174,016973 42174,n CA7 9NE,
MESSRS HUGHES,WIGTON,CUMBRIA,CA7,,,,016973 61256,016973 61256,n CA7 4PT,
I  &  G M   BLAMIRE,CARLISLE,CUMBRIA,CA5,,,,016973 42579,016973 42579,e CA5 6QL,
CHALKSIDE FARMING COMPANY LTD,WIGTON,CUMBRIA,CA7,,,,016973 44306,016973 44306,n CA7 8BZ,
